N,Strategy,MeanCost,SE
1000,Corrective (State D),2838.0,27.36980087614815
1000,Preventive (State C),825.54,2.8554699087890945
1000,Pre-emptive (State B),687.735,1.172708307721916
10000,Corrective (State D),2833.875,8.631968109156798
10000,Preventive (State C),825.954,0.8853400411141473
10000,Pre-emptive (State B),689.652,0.3661125367970892
100000,Corrective (State D),2827.9575,2.745846414484521
100000,Preventive (State C),825.9828,0.2833119500508229
100000,Pre-emptive (State B),689.91585,0.11524489874946742
